station_id,name,lat,lon,address,capacity,ward_id,first_use
7000,Fort York  Blvd / Capreol Ct,43.639832,-79.395954,Fort York  Blvd / Capreol Ct,35,10,2018-01-01
7002,St. George St / Bloor St W,43.667333,-79.399429,St. George St / Bloor St W,19,11,2018-01-01
7003,Madison Ave / Bloor St W,43.667158,-79.402761,Madison Ave / Bloor St W,15,11,2018-01-01
7004,University Ave / Elm St,43.656518,-79.389099,University Ave / Elm St,11,11,2018-01-01
7005,King St W / York St,43.6480008,-79.383177,King St W / York St,23,10,2018-01-02
7006,Bay St / College St (East Side),43.660439,-79.385525,Bay St / College St (East Side),19,11,2018-01-01
7007,College St / Huron St,43.658148,-79.398167,College St / Huron St,19,11,2018-01-01
7008,Wellesley St W / Queen's Park Cres,43.663376,-79.392125,Wellesley St W / Queen's Park Cres,18,11,2018-01-01
7009,King St E / Jarvis St,43.650325,-79.372287,King St E / Jarvis St,25,13,2018-01-01
7010,King St W / Spadina Ave,43.645323,-79.395003,King St W / Spadina Ave,19,10,2018-01-02
7012,Elizabeth St / Edward St (Bus Terminal),43.656026,-79.385327,Elizabeth St / Edward St (Bus Terminal),15,11,2018-01-01
7015,King St W / Bay St (West Side),43.64852,-79.380576,King St W / Bay St (West Side),39,10,2018-01-01
7016,Bay St / Queens Quay W (Ferry Terminal),43.640978,-79.376785,Bay St / Queens Quay W (Ferry Terminal),35,10,2018-01-01
7018,Bremner Blvd / Rees St,43.641529,-79.386741,Bremner Blvd / Rees St,23,10,2018-01-01
7020,Phoebe St / Spadina Ave,43.650033,-79.396555,Phoebe St / Spadina Ave,33,10,2018-01-01
7021,Bay St / Albert St,43.653264,-79.382458,Bay St / Albert St,35,13,2018-01-01
7022,Simcoe St / Queen St W,43.65049,-79.3873,Simcoe St / Queen St W,39,10,2018-01-01
7023,College St / Borden St,43.6571,-79.4056,College St / Borden St,11,11,2018-01-01
7024,Dundonald St / Church St,43.66663,-79.38148,Dundonald St / Church St,36,13,2018-01-01
7025,Ted Rogers Way / Bloor St E,43.671293,-79.380471,Ted Rogers Way / Bloor St E,23,11,2018-01-01
7026,Bay St / St. Joseph St,43.665527,-79.387499,Bay St / St. Joseph St,15,13,2018-01-01
7027,Beverley  St / Dundas St W,43.652823,-79.393388,Beverley  St / Dundas St W,31,10,2018-01-01
7028,Gould St / Mutual St,43.6582,-79.3768,Gould St / Mutual St,29,13,2018-01-01
7029,Bay St / Bloor St W (East Side),43.66943,-79.38915,1199 Bay St,15,11,2018-01-01
7030,Bay St / Wellesley St W,43.664088,-79.387095,Bay St / Wellesley St W,51,11,2018-01-01
7031,Jarvis St / Isabella St,43.668991,-79.379385,Jarvis St / Isabella St,23,13,2018-01-01
7032,Augusta Ave / Dundas St W,43.652473,-79.401456,Augusta Ave / Dundas St W,15,11,2018-01-02
7033,Union Station,43.645609,-79.380386,Union Station,43,10,2018-01-01
7034,Church St / Bloor St E,43.671389,-79.382919,Church St / Bloor St E,15,11,2018-01-01
7035,Queen St W / Ossington Ave,43.643975,-79.419576,Queen St W / Ossington Ave,23,10,2018-01-02
7036,Trinity St /Front St E,43.651318,-79.36023,Trinity St / Front St E,19,13,2018-01-02
7037,Bathurst St / Dundas St W,43.6519501,-79.4060978,Bathurst St / Dundas St W,27,10,2018-01-01
7038,Dundas St W / Yonge St,43.656094,-79.381484,Dundas St W / Yonge St,31,13,2018-01-01
7039,Simcoe St / Michael Sweet Ave,43.652327224103,-79.3882538196087,Simcoe St / Michael Sweet Ave,19,10,2018-01-01
7040,Euclid Ave / Bloor St W,43.664467,-79.414783,Euclid Ave / Bloor St W,19,11,2018-01-01
7041,Edward St / Yonge St,43.656729,-79.382736,Edward St / Yonge St,23,11,2018-01-01
7042,Sherbourne St / Wellesley St E,43.6673,-79.374,Sherbourne St / Wellesley St E,31,13,2018-01-01
7043,Queens Quay W / Lower Simcoe St,43.63951,-79.383717,Queens Quay W / Lower Simcoe St,19,10,2018-01-01
7044,Church St / Alexander St,43.663722,-79.380288,Church St / Alexander St,15,13,2018-01-01
7045,Bond St / Queen St E,43.653236,-79.376716,Bond St / Queen St E,25,13,2018-01-01
7046,Niagara St / Richmond St W,43.64534,-79.409597,Niagara St / Richmond St W,26,10,2018-01-01
7047,University Ave / Gerrard St W (East Side),43.657763,-79.389165,University Ave / Gerrard St W,25,11,2018-01-01
7048,Front St W / Yonge St (Hockey Hall of Fame),43.646144,-79.377962,Front St W / Yonge St (Hockey Hall of Fame),47,10,2018-01-01
7050,Richmond St E / Jarvis St Green P,43.652634,-79.374222,Richmond St E / Jarvis St Green P,16,13,2018-01-01
7052,Wellington St W / Bay St,43.647259,-79.379878,Wellington St W / Bay St,27,10,2018-01-01
7053,Metro Hall Plaza,43.645859,-79.38783,Metro Hall Plaza,27,10,2018-01-02
7054,Navy Wharf Crt / Bremner Blvd,43.640722,-79.391051,Navy Wharf Ct. / Bremner Blvd.,11,10,2018-01-01
7055,Jarvis St / Carlton St,43.66207,-79.37617,Jarvis St / Carlton St,15,13,2018-01-01
7056,Parliament St / Gerrard St,43.662132,-79.3656796,Parliament St / Gerrard St,23,13,2018-01-01
7057,Simcoe St / Wellington St W South,43.6458569,-79.3853654,Simcoe St / Wellington St 1,27,10,2018-01-01
7058,Huron St / Harbord St,43.6637,-79.400053,Huron/ Harbord St,19,11,2018-01-02
7059,Front St W / Blue Jays Way,43.643473,-79.390477,Front St W / Blue Jays Way,15,10,2018-01-01
7061,Dalton Rd / Bloor St W,43.6662942,-79.4066433,Dalton Rd / Bloor St W,15,11,2018-01-01
7062,University Ave / College St (West),43.659226,-79.390213,University Ave / College St (West),11,11,2018-01-01
7063,Queen's Park / Bloor St W,43.668456,-79.393899,Queen's Park / Bloor St W,19,11,2018-01-01
7064,51 Parliament St,43.65205,-79.362198,51 Parliament St,19,13,2018-01-02
7065,Dundas St E / Parliament St,43.659575,-79.365769,Dundas St E / Parliament St,15,13,2018-01-02
7066,Willcocks St / St. George St,43.662085,-79.397735,Willcocks St / St. George St,17,11,2018-01-02
7067,Yonge St / Harbour St,43.643795,-79.375413,Yonge St / Harbour St,39,10,2018-01-01
7068,Blantyre Park,43.68306889999999,-79.279682,163 Fallingbrook Rd,23,20,2018-01-01
7069,Queen St W / Spadina Ave,43.649147,-79.395504,Queen St W / Spadina Ave,11,10,2018-01-01
7070,25 York St – Union Station South,43.643667,-79.380414,25 York St – Union Station South,11,10,2018-01-01
7071,161 Bleecker St (South of Wellesley),43.666233,-79.373327,161 Bleecker St (South of Wellesley),23,13,2018-01-02
7072,Fleet St / Bathurst St,43.636611,-79.400042,Fleet St / Bathurst St,23,10,2018-01-02
7073,Spadina Ave / Fort York Blvd,43.640114,-79.393249,Spadina Ave / Fort York Blvd,23,10,2018-01-01
7074,King St E / Church St,43.65003919999999,-79.3733541,St James Park,15,13,2018-01-02
7075,Queens Quay W / Dan Leckie Way,43.636533,-79.395854,Queens Quay W / Dan Leckie Way,27,10,2018-01-02
7076,York St / Queens Quay W,43.640132,-79.380464,York St / Queens Quay W,56,10,2018-01-02
7077,College Park South,43.659777,-79.382767,College Park South,19,11,2018-01-01
7078,College St / Major St,43.6576,-79.4032,College St / Major St,15,11,2018-01-01
7079,McGill St / Church St,43.660694,-79.379052,McGill St / Church St,19,13,2018-01-01
7083,Danforth Ave / Barrington Ave,43.688325,-79.300463,Danforth Ave / Barrington Ave,15,19,2018-01-18
7084,High Park - Grenadier Cafe,43.645599,-79.4657123,High Park - Grenadier Cafe,11,4,2018-01-02
7085,Danforth Ave / Westlake Ave,43.687323,-79.304848,Danforth Ave / Westlake Ave,15,19,2018-01-02
7087,Danforth Ave / Aldridge Ave,43.684758,-79.316767,Danforth Ave / Aldridge Ave,11,19,2018-01-02
7088,Danforth Ave / Coxwell Ave,43.683378,-79.322961,Danforth Ave / Coxwell Ave,15,19,2018-01-08
7089,Church St  / Wood St,43.662712,-79.379903,Church St / Wood St,19,13,2018-01-01
7090,Danforth Ave / Lamb Ave,43.681991,-79.329455,Danforth Ave / Lamb Ave,19,14,2018-01-08
7091,Donlands Subway Station,43.681114,-79.3373885,Donlands Station,15,14,2018-01-08
7092,Pape Subway Station (Green P),43.680223,-79.344062,Pape Subway Green P,15,14,2018-01-03
7093,Danforth Ave / Gough Ave,43.678401,-79.346289,Danforth Ave / Gough Ave,17,14,2018-01-01
7094,Chester Subway Station,43.6784834,-79.3513564,23 Chester Ave.,9,14,2018-01-02
7095,Danforth Ave / Ellerbeck St,43.677076,-79.35667,Danforth Ave / Ellerbeck St,14,14,2018-01-01
7096,Lower Don River Trail and Taylor Creek Trail,43.7027268,-79.33368089999999,425 Don Mills Rd,19,14,2018-01-02
7097,Riverdale Park North (Broadview Ave),43.671172,-79.354704,Riverdale Park North (Broadview Ave),15,14,2018-01-02
7099,Cherry St / Mill St,43.6513927,-79.35794659999999,Cherry St / Mill St,15,13,2018-01-02
7100,Dundas St E / Regent Park Blvd,43.660207,-79.361275,Dundas St E / Regent Park Blvd,27,13,2018-01-01
7101,Lower Sherbourne St / The Esplanade,43.648655,-79.367061,Lower Sherbourne St / The Esplanade,27,10,2018-01-01
7102,Nelson St / Duncan St,43.648711,-79.389728,Nelson St / Duncan St,31,10,2018-01-01
7103,Jimmie Simpson Park (Queen St E),43.6605603,-79.3437663,Jimmie Simpson Park (Queen St E),15,14,2018-01-01
7104,King St E / River St,43.65678478285314,-79.35627385059036,King St E / River St,15,13,2018-01-02
7105,Queen St E / Sackville St,43.6561111,-79.36138888888888,Queen St E / Sackville St,15,13,2018-01-02
7106,Mill St / Tannery Rd,43.652219,-79.354455,Mill St / Tannery Rd,27,13,2018-01-02
7107,Cherry St / Distillery Ln,43.650279,-79.356832,Cherry St / Distillery Ln,15,10,2018-01-01
7108,Front St E / Cherry St,43.652686,-79.358395,Front St E / Cherry St,15,13,2018-01-02
7109,Seaton St / Dundas St E - SMART,43.658777,-79.369596,Seaton St / Dundas St E,32,13,2018-01-01
7110,Queen St E / Berkeley St,43.6552778,-79.36583333333333,Queen St E / Berkeley St,15,13,2018-01-01
7111,King St W / Douro St,43.640885,-79.416379,King St W / Douro St,11,10,2018-01-01
7112,Liberty St / Fraser Ave Green P,43.637981,-79.424146,Liberty St / Fraser Ave Green P,19,10,2018-01-01
7114,Carlton St / Parliament St,43.664524,-79.36793,Carlton St / Parliament St,27,13,2018-01-01
7115,Howard St / Sherbourne St,43.6712581,-79.376367,Howard St / Sherbourne St,15,13,2018-01-01
7117,640 Bloor Street E,43.67468857448634,-79.36701962396272,640 Bloor Street East,19,11,2018-01-01
7118,King St W / Bay St (East Side),43.648575,-79.380042,King St W / Bay St (East Side),19,13,2018-01-01
7119,Sumach St / Carlton St (Riverdale Farm),43.665867,-79.362506,Sumach St / Carlton St (Riverdale Farm),14,13,2018-01-02
7120,Gerrard St E / River St,43.663993,-79.358534,Gerrard St E / River St,11,13,2018-01-02
7121,Jarvis St / Dundas St E,43.657266,-79.374756,Jarvis St / Dundas St E,27,13,2018-01-01
7122,Niagara St / Tecumseth St,43.641389,-79.404444,Niagara St / Tecumseth St,15,10,2018-01-01
7123,424 Wellington St W,43.643834,-79.396649,424 Wellington St W,15,10,2018-01-02
7124,Dundas St E / Broadview Ave,43.662365,-79.351104,Dundas St E / Broadview Ave,19,14,2018-01-02
7126,Yonge St / Yorkville Ave,43.671944,-79.387778,Yonge St / Yorkville Ave,17,11,2018-01-01
7127,Bay St / Scollard St,43.672152,-79.39018,Bay St / Scollard St,15,11,2018-01-01
7128,Yonge St / Aylmer Ave,43.675492,-79.388858,Yonge St / Aylmer Ave,15,11,2018-01-02
7129,Davenport Rd / Avenue Rd,43.674991,-79.396273,Davenport Rd / Avenue Rd,11,11,2018-01-01
7130,Davenport Rd / Bedford Rd,43.674446,-79.398331,Davenport Rd / Bedford Rd,15,11,2018-01-01
7131,Taddle Creek Park,43.66986,-79.398443,Taddle Creek Park,15,11,2018-01-02
7132,Kendal Ave / Spadina Rd,43.670318,-79.405181,Kendal Ave / Spadina Rd,9,11,2018-01-01
7133,Summerhill Subway Station,43.681944,-79.390556,Summerhill Station,11,11,2018-01-02
7135,Hanna Ave / Liberty St,43.63840090000001,-79.4197107,Hanna Ave / Liberty St,17,10,2018-01-01
7136,Queen St W / Close Ave,43.640634,-79.435841,Queen St W / Close Ave,23,4,2018-01-01
7137,Davenport Rd / Bathurst St,43.676667,-79.416111,Davenport Rd / Bathurst St,27,12,2018-01-10
7138,Davenport Rd / Christie St,43.675278,-79.423889,Davenport Rd / Christie St,27,12,2018-01-01
7139,Glen Edyth Dr / Davenport Rd,43.677778,-79.405556,Glen Edyth Dr / Davenport Rd,15,12,2018-01-02
7140,Macpherson Ave / Spadina Rd,43.675791,-79.40698,Macpherson Ave / Spadina Rd,15,12,2018-01-01
7141,Bridgman Ave / Kendal Ave,43.675556,-79.410278,Bridgeman Ave / Kendal Ave,15,12,2018-01-12
7142,Bridgman Ave / Bathurst St,43.674444,-79.414722,Bridgeman Ave / Bathurst St,14,12,2018-01-02
7143,Kendal Ave / Bernard Ave,43.671513,-79.408317,Kendal Ave / Bernard Ave,15,11,2018-01-02
7144,Palmerston Ave / Vermont Ave,43.671389,-79.416389,Palmerston Ave / Vermont Ave,15,11,2018-01-01
7146,Christie St / Benson Ave (Wychwood Barns),43.68,-79.42500000000001,Christie St / Benson Ave (Wychwood Barns),19,12,2018-01-01
7147,King St W / Fraser Ave,43.6394444,-79.42527777777778,King St W / Fraser Ave,15,10,2018-01-05
7148,King St W / Joe Shuster Way,43.639444,-79.423611,King St W / Joe Shuster Way,15,10,2018-01-01
7149,Yarmouth Rd / Christie St,43.67,-79.42083333333333,Yarmouth Rd / Christie St,11,11,2018-01-01
7150,Dufferin St / Sylvan Av (Dufferin Grove Park),43.6555556,-79.43361111111112,Dufferin St / Sylvan Av (Dufferin Grove Park),19,9,2018-01-02
7151,Essex St / Christie St - SMART,43.6686111,-79.42027777777778,Essex St / Christie St,19,11,2018-01-01
7152,Ossington Ave / Bloor St W,43.661705,-79.425734,Ossington Ave / Bloor St W,11,9,2018-01-01
7153,Bloor St W / Christie St,43.6638889,-79.41888888888889,Bloor St W / Christie St,19,11,2018-01-01
7154,Bathurst Subway Station,43.6666667,-79.41166666666668,Bathurst Subway Station,23,11,2018-01-01
7155,Bathurst St / Lennox St,43.663808,-79.410491,Bathurst St / Lennox St,19,11,2018-01-01
7156,Salem Ave / Bloor St W,43.6608333,-79.43166666666667,Salem Ave / Bloor St W,15,9,2018-01-01
7157,Dufferin St / Bloor St W,43.66083333333333,-79.43583333333333,Dufferin St / Bloor St,22,9,2018-01-03
7158,King St W / Stafford St,43.6422222,-79.41111111111111,King St W / Stafford St,15,10,2018-01-01
7160,King St W / Tecumseth St,43.64333333333333,-79.40555555555557,King St W / Tecumseth St,19,10,2018-01-01
7161,Beverley St / College St,43.6575,-79.39527777777778,Beverley St / College St,23,11,2018-01-01
7162,Hayter St / Laplante Ave,43.6591666666667,-79.3855555555556,Hayter St / Laplante Ave,21,11,2018-01-01
7163,Yonge St / Wood St,43.6622222,-79.3825,Yonge St / Wood St,15,13,2018-01-01
7164,Gould St / Yonge St (TMU),43.657424,-79.381019,Gould St / Yonge St (Ryerson University),23,13,2018-01-01
7168,Queens Quay / Yonge St,43.641646,-79.375308,Queens Quay / Yonge St,31,10,2018-01-01
7169,Front St W / Bay St (North Side),43.646162,-79.378912,Front St W / Bay St (North Side),11,13,2018-01-01
7170,Spadina Ave / Willcocks St,43.6616667,-79.40138888888889,Spadina Ave / Willcocks St,15,11,2018-01-01
7171,Ontario Place Blvd / Lake Shore Blvd W,43.6322445,-79.4108105,Ontario Place Blvd / Lake Shore Blvd W,27,10,2018-01-03
7172,Strachan Ave / Princes' Blvd,43.635,-79.4088888888889,Strachan Ave / Princes' Blvd,19,10,2018-01-01
7173,Cariboo St / Rail Path,43.66666667,-79.45833333333334,Cariboo St / Rail Path,19,9,2018-01-02
7174,Bloor St W / Dundas St W,43.6563889,-79.45166666666667,Bloor St W / Dundas St W,15,4,2018-01-02
7175,HTO Park (Queens Quay W),43.63796,-79.387502,HTO Park (Queens Quay W),27,10,2018-01-02
7176,Bathurst St / Fort York Blvd,43.639179,-79.399595,Bathurst St / Fort York Blvd,19,10,2018-01-01
7178,Dundas St W / Edna Ave,43.657192,-79.452559,Dundas St W / Edna Ave,15,4,2018-01-02
7180,Lansdowne Subway Station,43.6587734,-79.443054,Lansdowne Ave / Wade Ave,23,9,2018-01-02
7181,Lansdowne Ave / Whytock Ave,43.6538888888889,-79.4413888888889,Lansdowne Ave / Whytock Ave,15,9,2018-01-02
7182,Sterling Rd / Dundas St W,43.6508333333333,-79.4430555555556,Sterling Rd / Dundas St W,18,9,2018-01-02
7183,St Clarens Ave / College St,43.651238,-79.43868,St Clarens Ave / College St,15,9,2018-01-03
7184,Ossington Ave / College St,43.6544915,-79.422634,Ossington Ave / College St,11,11,2018-01-01
7188,Exhibition GO (Atlantic Ave),43.637695491830144,-79.42023184193503,Exhibition GO (Atlantic Ave),15,10,2018-01-02
7189,Augusta Ave / Denison Sq,43.653766,-79.4016759,Augusta Ave / Denison Sq,12,11,2018-01-01
7190,St. George St / Hoskin Ave,43.6637403,-79.39806449999999,St. George St / Hoskin Ave,15,11,2018-01-02
7191,Central Tech  (Harbord St),43.661975,-79.407896,Central Tech (Harbord St),11,11,2018-01-01
7192,Harbord St / Clinton St,43.660414,-79.415646,Harbord St / Clinton St,15,11,2018-01-02
7193,Queen St W / Gladstone Ave,43.6430555555556,-79.4275,Queen St W / Gladstone Ave,23,9,2018-01-01
7194,Mortimer Ave / Coxwell Ave,43.690564,-79.326319,Mortimer Ave / Coxwell Ave,23,19,2018-01-08
7195,Ulster St / Bathurst St,43.66,-79.4088888888889,Ulster St / Bathurst St,11,11,2018-01-01
7196,Roxton Rd / Harbord St,43.65905,-79.422988,Roxton Rd / Harbord St,11,11,2018-01-01
7197,Queen St W / Dovercourt Rd,43.6438602,-79.4227573,Queen St W / Dovercourt Rd,11,9,2018-01-01
7198,Queen St W / Cowan Ave,43.6409,-79.432837,Queen St W / Cowan Ave,19,4,2018-01-01
7199,College St / Markham St,43.6563888888889,-79.4091666666667,College St / Markham St,19,11,2018-01-01
7202,Queen St W / Bay St (City Hall),43.6517925,-79.38269509999999,Queen St W / York St (City Hall),23,10,2018-01-01
7203,Bathurst St/Queens Quay(Billy Bishop Airport),43.635492,-79.398253,Bathurst St/Queens Quay(Billy Bishop Airport),35,10,2018-01-01
7204,College St / Crawford St,43.655,-79.418889,College St / Crawford St,19,11,2018-01-01
7205,Rusholme Park Cres / College St,43.65277778,-79.42972222,Rusholme Park Cres / College St,15,9,2018-01-01
7206,Claremont St / Dundas St W,43.651281,-79.411717,Claremont St / Dundas St W,13,11,2018-01-01
7207,Dundas St W / Crawford St,43.649722,-79.416944,Dundas St W / Crawford St,23,10,2018-01-01
7208,80 Clinton St,43.656296,-79.414663,80 Clinton St (North of College),15,11,2018-01-01
7209,Ossington Ave / Harrison St,43.65111111111111,-79.4213888888889,Ossington Ave / Harrison St,19,11,2018-01-01
7210,Mary McCormick Rec Centre (Sheridan Ave),43.6475,-79.43305555555555,Mary McCormick Rec Centre (Sheridan Ave),15,9,2018-01-02
7211,Fort York Blvd / Garrison Rd,43.637381,-79.406112,Fort York Blvd / Garrison Rd,15,10,2018-01-01
7216,Wellington St W / Stafford St,43.6409957,-79.40966630000001,Wellington St W / Stafford St,23,10,2018-01-02
7217,Soho St / Queen St W,43.6494896,-79.393535,Soho St. / Queen St W,7,10,2019-03-20
7220,Lake Shore Blvd W / Ellis Ave,43.635932,-79.465083,Lake Shore Blvd W / Ellis Ave,19,4,2018-01-01
7221,High Park Subway Station,43.6543604,-79.4655296,High Park Subway Station,11,4,2018-01-04
7223,Parkside Dr / Bloor St W - SMART,43.654501,-79.460053,Parkside Dr / Bloor St W,12,4,2018-01-08
7225,Lake Shore Blvd W / Windermere Ave,43.634896,-79.467763,Lake Shore Blvd W / Windermere Ave,19,4,2018-01-04
7226,Lake Shore Blvd W / The Boulevard Club,43.636731,-79.444966,Lake Shore Blvd W / The Boulevard Club,19,4,2018-01-01
7227,Martin Goodman Trail (Marilyn Bell Park),43.6314,-79.4304,Martin Goodman Trail (Marilyn Bell Park),31,4,2018-01-02
7228,Queen St W / Roncesvalles Ave,43.6372958,-79.4423237,Queen St W / Roncesvalles Ave,19,4,2018-01-03
7229,Dundas St W / Roncesvalles Green P - SMART,43.6534268,-79.4512787,Dundas St W / Roncesvalles Green P,12,4,2018-01-03
7230,Garden Ave / Roncesvalles Ave,43.643769,-79.447915,Garden Ave / Roncesvalles Ave,18,4,2018-01-02
7231,Wright Ave / Sorauren Ave - SMART,43.646677,-79.442741,Wright Ave / Sorauren St (Sorauren Park),18,4,2018-01-02
7232,Queen St W  /  Fuller Ave - SMART,43.640255,-79.439223,Queen St W / Fuller Ave,16,4,2018-01-02
7233,King / Cowan Ave - SMART,43.637922,-79.431734,King St W / Cowan Ave,16,4,2018-01-01
7234,Roncesvalles Ave / Marmaduke St,43.650492,-79.450842,Roncesvalles Ave / Marmaduke St,19,4,2018-01-05
7235,Bay St / College St (West Side) - SMART,43.660087,-79.385655,Bay St / College St (West Side),12,11,2018-01-01
7236,Thompson St / Broadview Ave - SMART,43.659471,-79.350325,Thompson St / Broadview Ave,12,14,2018-01-01
7237,Ward St / Wallace Ave,43.662857,-79.44618,Ward Ave / Wallace Ave,15,9,2018-01-01
7238,Sorauren Ave / Geoffrey St - SMART,43.649172,-79.4445087,Sorauren St / Geoffrey St (Sorauren Park),16,4,2018-01-02
7239,Bloor St W / Manning Ave - SMART,43.663912,-79.416124,Bloor St W / Manning Ave,20,11,2018-01-01
7240,Bloor St W / Shaw Ave - SMART,43.662403,-79.423098,Bloor St W / Shaw Ave,34,11,2018-01-01
7241,519 Church St,43.666874,-79.381155,519 Church St,12,13,2018-01-01
7242,Lake Shore Blvd W / Ontario Dr,43.630254,-79.420317,Lake Shore Blvd W / Ontario Dr (Ontario Place),35,10,2018-01-01
7243,Exhibition GO Station,43.6352007,-79.4187711,Exhibition GO Station,14,10,2018-01-07
7244,Dufferin Gate - SMART,43.633473,-79.425679,Dufferin Gate,16,10,2018-01-08
7245,Tecumseth St / Queen St W - SMART,43.646552,-79.406468,Tecumseth St / Queen St W,9,10,2018-01-01
7246,Yonge St / Bloor St,43.669969,-79.386532,Yonge St / Bloor St,14,11,2018-01-03
7247,Howard Park Ave / Dundas St W - SMART,43.6521,-79.4486,Howard Park Ave / Dundas St W,12,4,2018-01-11
7248,Baldwin St / Spadina Ave - SMART,43.654905,-79.398448,Baldwin Ave / Spadina Ave,20,11,2018-01-02
7249,Dovercourt Rd / Harrison St (Green P) - SMART,43.651145,-79.423742,Dovercourt Rd / Harrison St (Green P) - SMART,12,9,2018-01-01
7250,Ursula Franklin St / St. George St - SMART,43.660296,-79.397107,Ursula Franklin St / St. George St,16,11,2018-01-01
7251,The Royal Ontario Museum (Bloor St Entrance),43.668500046272165,-79.3946235999697,The Royal Ontario Museum (Bloor St Entrance),19,11,2018-01-01
7252,Robert St / Bloor St W - SMART,43.665846,-79.404998,Robert St / Bloor St W,18,11,2018-01-02
7253,John St  / Mercer St - SMART,43.6461,-79.3895,John St / Mercer St - SMART,12,10,2018-01-01
7256,Vanauley St / Queen St W - SMART,43.648437,-79.39838,Vanauley St / Queen St W,12,10,2018-01-01
7257,Dundas St W / St. Patrick St,43.6545174,-79.3895315,Dundas St W / St. Patrick St,19,10,2018-01-02
7258,Queen St E / Rushbrooke Ave,43.6626628,-79.3323698,Queen St E / Rushbrooke Ave,15,14,2018-01-02
7259,Lower Spadina Ave / Lake Shore Blvd,43.638497,-79.39192,Lower Spadina Ave / Lake Shore Blvd W,19,10,2018-01-01
7260,Spadina Ave / Adelaide St W,43.6472019,-79.3953394,Spadina Ave / Adelaide St W,15,10,2018-01-01
7261,Queens Quay E / Lower Sherbourne St,43.645215,-79.364898,Queens Quay E / Lower Sherbourne,26,10,2019-07-01
7262,Wychwood Ave / Benson Ave - SMART,43.6809164,-79.4229684,Wychwood Ave / Benson Ave,16,12,2018-01-02
7263,Walton St / Elizabeth St - SMART,43.657838,-79.38631,Walton St / Elizabeth St,20,11,2018-01-02
7264,Bloor St E / Huntley St - SMART,43.671535,-79.379173,Bloor St E / Huntley St,16,13,2018-01-02
7265,Wallace Ave / Symington Ave - SMART,43.661324,-79.449534,Wallace Ave / Symington Ave,12,9,2018-01-02
7266,Victoria Park Subway Station - SMART,43.6940155,-79.2889842,Victoria Park Subway Station,20,20,2018-01-11
7267,Dundas St E / Pembroke St - SMART,43.658295,-79.372346,Dundas St E / Pembroke St,16,13,2018-01-01
7268,111 Bond St (North of Dundas St E)  - SMART,43.656927,-79.378497,111 Bond St (North of Dundas St E),16,13,2018-01-02
7269,Toronto Eaton Centre (Yonge St) - SMART,43.655431,-79.380653,Toronto Eaton Centre (Yonge St),20,13,2018-01-01
7270,Church St / Dundas St E - SMART,43.657024,-79.377257,Church St / Dundas St E,15,13,2018-01-02
7271,Yonge St / Alexander St - SMART,43.662862,-79.383572,Yonge St / Alexander St,18,13,2018-01-01
7272,Yonge St / Dundonald St - SMART,43.665801,-79.384796,Yonge St / Dundonald St,12,13,2018-01-02
7273,Bay St / Charles St W - SMART,43.668153,-79.38891,Bay St / Charles St W,20,11,2018-01-02
7274,Queen's Park Cres E / Grosvenor St - SMART,43.661803,-79.389682,Queen's Park Cres E / Grosvenor St,12,11,2018-01-02
7276,Bloor St W / Balmuto St,43.669903,-79.387802,Bloor St W / Balmuto St,11,11,2018-01-01
7277,Chorley Park - SMART,43.6856,-79.3718,Chorley Park,20,11,2018-01-02
7278,Mallon Ave / Jones Ave -SMART,43.66587,-79.33443,Mallon Ave / Jones Ave,16,14,2018-01-16
7279,Rosehill Ave / Avoca Ave - SMART,43.687999,-79.38906,Rosehill Ave / Avoca Ave,16,12,2018-01-02
7280,Charles St E / Jarvis St - SMART,43.669604,-79.381171,Charles St E / Jarvis St,20,13,2018-01-01
7281,Charles St W / Balmuto St - SMART,43.668427,-79.38725,Charles St W / Balmuto St,20,13,2018-01-01
7283,Front St W / Bay St (South Side),43.64595,-79.378761,Front St W / Bay St (South Side),19,10,2018-01-01
7284,University Ave / King St W - SMART,43.6477785,-79.3847928,University Ave / King St W,23,10,2018-01-02
7285,Spadina Ave / Harbord St - SMART,43.6629228,-79.4018451,Spadina Ave / Harbord St,36,11,2018-01-02
7286,Gerrard St E / Broadview - SMART,43.665656,-79.352055,Gerrard St E / Broadview,18,14,2018-01-01
7287,Queen St E / Pape Ave - SMART,43.661673,-79.337789,Queen St E / Pape Ave,16,14,2018-01-02
7288,Humber Bay Shores Park West,43.6224434,-79.480284,Humber Bay Shores Park West,31,3,2018-01-04
7289,Humber Bay Shores Park East,43.6308933,-79.4722622,Humber Bay Shores Park East,23,3,2018-01-02
7291,190 Queens Quay E,43.6451308,-79.36536439999999,Lake Shore Blvd E / Parliament St,15,10,2018-06-15
7292,Granby St / Church St - SMART,43.6614605,-79.37894570000002,Granby St / Church St -SMART,24,13,2018-06-19
7296,Westmoreland Ave / Fernbank Ave,43.665327,-79.43235,Westmoreland Ave / Fernbank Ave,19,9,2018-06-20
7297,Havelock St / Dufferin Park,43.657343,-79.43112,Havelock St / Dufferin Park,19,9,2018-06-20
7298,Bathurst St / Adelaide St W,43.645324,-79.40345,Bathurst St / Adelaide St W,25,10,2018-06-20
7299,Mill St / Parliament St,43.650256,-79.36163,Mill St / Parliament St,15,10,2018-06-20
7301,Primrose Ave / Davenport Rd,43.67142,-79.445947,Primrose Ave / Davenport Rd,15,9,2018-06-21
7302,Winona Dr / Davenport Rd,43.674923,-79.430465,Winona Dr / Davenport Rd,11,9,2018-06-21
7303,Queen St E / Woodward Ave,43.665269,-79.319796,Queen St E / Woodward Ave,19,14,2018-06-21
7309,Queen St. E / Rhodes Ave.,43.666224,-79.317693,Queen St. E / Rhodes Ave.,23,14,2018-06-21
7311,Sherbourne St / Isabella St,43.669576,-79.375961,Sherbourne St / Isabella St,19,13,2018-06-22
7312,Amelia St. / Sumach St.,43.66852,-79.363525,Amelia St. / Sumach St.,11,13,2018-06-22
7313,Lower Coxwell Ave /  Lake Shore Blvd E,43.662771,-79.315223,Coxwell Ave /  Lake Shore Blvd E,15,14,2018-06-22
7314,Queen St. E / Eastern Ave,43.667208,-79.312315,Queen St. E / Eastern Ave,15,19,2018-06-22
7315,Queen St E / Hammersmith Ave,43.671349,-79.29451,Queen St E / Hammersmith Ave,11,19,2018-06-26
7316,Queen St. E / Spruce Hill Rd.,43.672571,-79.289,Queen St. E / Spruce Hill Rd.,15,19,2018-06-27
7317,Hubbard Blvd / Balsam Av,43.669328,-79.288949,Hubbard Blvd / Balsam Av,19,19,2018-06-27
7318,Hubbard Blvd. / Glen Manor Dr.,43.668633,-79.291162,Hubbard Blvd. / Glen Manor Dr.,15,19,2018-06-26
7319,Lake Shore Blvd E / Knox Ave,43.660206,-79.3244,Lake Shore Blvd E / Knox Ave,11,14,2018-06-26
7320,Front St W / University Ave (1),43.6451635,-79.3831757,Front St W / University Ave (1),17,10,2018-06-29
7321,Front St W / University Ave (2),43.6452972,-79.3827914,Front St W / University Ave (2),19,10,2018-06-29
7322,E Liberty St / Western Battery Rd,43.6392777,-79.4115736,E Liberty St / Western Battery Rd,18,10,2018-06-29
7323,457 King St W,43.6452091,-79.3960744,457 King St W.,19,10,2018-06-29
7324,King St W / Charlotte St,43.645572,-79.39399,King St W / Charlotte St,23,10,2018-06-29
7326,Davenport Rd / Lansdowne Ave,43.671526,-79.44874,Davenport Rd / Landsdowne Rd,19,9,2018-07-04
7327,Davenport Rd / Dovercourt Rd - SMART,43.6741219,-79.4352208,Davenport Rd / Oakwood Rd - SMART,16,9,2018-07-03
7328,Roxborough St W / Yonge St,43.678077,-79.390328,Roxborough St W / Yonge St,17,11,2018-07-04
7329,Crawford St / Queen St W,43.645665,-79.415345,Crawford St / Queen St W,19,10,2018-07-04
7331,Coxwell Ave / Plains Rd,43.69595,-79.328535,Coxwell Ave / Plains Rd,19,19,2018-07-07
7332,200 Bloor St E,43.671561,-79.38117,200 Bloor St. E.,23,11,2018-07-07
7333,King St E / Victoria St,43.6495789,-79.3762096,King St E / Victoria St,19,13,2018-07-06
7334,Simcoe St / Wellington St W North,43.6462176,-79.3855048,Simcoe St / Wellington St 2,15,10,2018-07-06
7335,Bay St / Bloor St W (West Side),43.669244,-79.3894,1188 Bay St,19,11,2018-07-06
7336,Queen St E / Alton Av,43.663912,-79.327987,Queen St E / Alton Av,19,14,2018-07-10
7337,Gerrard Square Mall (1010 Gerrard St E),43.668553,-79.338673,Gerrard Square Mall (1010 Gerrard St E),19,14,2018-07-10
7338,Logan Ave / Bain Ave,43.6720273,-79.3470557,Logan Ave / Bain Ave,11,14,2018-07-10
7339,Carlaw Ave / Strathcona Ave,43.6753188,-79.3462789,Carlaw Ave / Strathcona Ave,15,14,2018-07-11
7340,Blake St / Boultbee Ave,43.672453,-79.338259,Blake St / Boultbee Ave,15,14,2018-07-12
7341,Eastern Ave / Winnifred Ave,43.6592088,-79.3348396,Eastern Ave / Winnifred Ave,14,14,2018-07-11
7342,Morse St / Eastern Ave,43.657991,-79.340075,Morse St / Eastern Ave,11,14,2018-07-11
7343,Alton Ave / Dundas St E (Greenwood Park),43.66745,-79.329408,Alton Ave / Dundas St E (Greenwood Park),22,14,2018-07-12
7344,Cherry Beach,43.637764,-79.345359,Cherry Beach,49,14,2018-07-12
7345,Cherry Beach Sports Field (55 Unwin Ave),43.6408346,-79.3429074,Cherry Beach Sports Field (55 Unwin Ave),15,14,2018-07-12
7346,Logan Av / Gerrard St E,43.6672144,-79.3452697,Logan Av / Gerrard St E,15,14,2018-07-12
7347,Regal Rd / Dufferin St,43.673939,-79.441159,Regal Rd / Dufferin St,15,9,2018-07-12
7348,Pape Ave / Gamble Ave,43.690237,-79.350119,Pape Ave / Gamble Ave,19,14,2018-07-17
7349,Gamble Ave / Broadview Ave,43.689211,-79.35438,Gamble Ave / Broadview Ave,23,14,2018-07-17
7350,Broadview Ave / Westwood Ave,43.6848652,-79.356602,Broadview Ave/ Westwood Ave,23,14,2018-07-17
7351,Pretoria Ave / Broadview Ave,43.6783213,-79.35822,Pretoria Av / Broadview Av,19,14,2018-07-18
7352,Cosburn Ave / Donlands Ave,43.690537,-79.341307,Cosburn Ave / Donlands Ave,19,14,2018-07-19
7353,Fulton Ave / Pape Ave,43.68395,-79.347046,Fulton Ave / Pape Ave,19,14,2018-07-19
7354,Tommy Thompson Park (Leslie Street Spit),43.65222662225532,-79.32295440954084,Tommy Thompson Park (Leslie Street Spit),31,14,2018-07-18
7355,Beltline Trail / Chaplin Cres.,43.704461,-79.423122,Beltline Trail / Chaplin Cres.,15,8,2018-08-15
7356,King St E / Berkeley St,43.651885,-79.3649,King St E / Ontario St.,17,13,2018-07-19
7357,Lake Shore Blvd E / Leslie St,43.659195,-79.329196,Lake Shore Blvd E / Leslie St,19,14,2018-07-19
7359,Rosedale Park (20 Scholfield Ave),43.682645,-79.377557,Rosedale Park (20 Schofield Ave),23,11,2018-07-28
7360,Concord Ave / Dewson St,43.656945,-79.424911,Concord Av / Dewson St,17,9,2018-07-25
7361,Hocken Ave / Vaughan Rd,43.6817346,-79.4184725,Hocken Ave./Vaughan Rd.,19,12,2018-07-27
7362,St Clair Ave W / Bathurst St.,43.683296,-79.418734,St Clair Ave W / Bathurst St.,19,12,2018-07-26
7363,Wells Hill Ave / St Clair Ave W,43.683351,-79.41562,Wells Hill Ave / St Clair Ave W,15,12,2018-07-27
7364,Queen St E / Nursewood Rd,43.673831,-79.281455,Queen St E / Nursewood Rd (Neville Park Loop),18,19,2018-08-01
7365,Kew Beach Ave / Kenilworth Ave,43.666325,-79.3014,Kew Beach Ave / Kenilworth Ave,23,19,2018-08-01
7366,Fort York Blvd / Bathurst St SMART,43.639052,-79.399792,Fort York Blvd / Bathurst St SMART,20,10,2018-08-01
7367,Alma Ave / Gladstone Ave SMART,43.6448617,-79.42822,Alma Ave / Gladstone Ave SMART,16,9,2018-08-02
7368,Lisgar St / Dundas St W - SMART,43.6493472,-79.42668,Lisgar St / Dundas St SMART,8,9,2018-08-02
7371,Eglinton Ave W / Henning Ave SMART,43.7063473,-79.40161,Eglinton Ave W / Henning Ave SMART,20,8,2018-08-09
7373,George St / King St E,43.6509552,-79.3707,George St / King St E,15,13,2018-08-22
7374,Frederick St / The Esplanade,43.6487245,-79.36839,Frederick St / The Esplanade,19,10,2018-08-22
7375,Front St E / Scott St,43.6476616,-79.37549,Front St E / Scott St,10,13,2018-08-22
7376,Frobisher Ave / Lascelles Blvd,43.696708,-79.40045,Frobisher Ave / Lascelles Blvd,19,12,2018-08-23
7377,Balliol St / Yonge St  SMART,43.6978701,-79.39419,Balliol St / Yonge St SMART,20,12,2018-08-24
7378,Yonge St / Davisville Ave,43.6975969,-79.39654,Yonge St / Davisville Ave,15,12,2018-08-24
7379,Lawton Blvd / Yonge St,43.6910667,-79.39535,Lawton Blvd / Yonge St,15,12,2018-08-24
7380,Erskine Ave / Yonge St SMART,43.7112153,-79.39894,Erskine Ave / Yonge St SMART,16,15,2018-08-29
7381,Yonge St / Orchard View Blvd,43.7083577,-79.39886200000001,Roehampton Ave / Yonge St,35,8,2018-08-29
7383,12 Harbour St,43.6425636,-79.3762,12 Harbour St,13,10,2018-08-30
7384,Cumberland Ave / Bay St SMART,43.6704537,-79.39014,Cumberland Ave / Bay St SMART,9,11,2018-09-04
7385,20 Charles St E,43.6691099,-79.38551,20 Charles St E,22,11,2018-09-12
7386,D'Arcy St / McCaul St - SMART,43.655227,-79.39201,"D'Arcy St, /McCaul St. SMART",15,11,2018-09-26
7387,Mortimer Ave / Carlaw Ave SMART,43.685167,-79.34962,Mortimer Ave / Carlaw Ave SMART,12,14,2018-09-27
7388,Broadview Subway Station,43.6772,-79.35858,Broadview Ave / Danforth Ave,15,14,2018-09-28
7389,College Park - Gerrard Entrance,43.658938,-79.383518,College Park- Gerrard Entrance,25,11,2018-10-03
7391,Yonge St / Dundas Sq,43.655766,-79.3802,Yonge St / Dundas Sq,27,13,2018-10-24
7395,Dentonia Park,43.694341,-79.291416,Dentonia Park Station,23,19,2019-06-14
7398,York St / Lake Shore Blvd W,43.641952,-79.380723,York St / Lakeshore St W - South,19,10,2019-06-29
7399,Lower Jarvis / Queens Quay E,43.64422,-79.36927,Lower Jarvis / Queens Quay E,19,10,2019-07-07
7400,Polson Pier,43.641675,-79.354006,Polson Pier,23,14,2019-07-02
7403,Lascelles Blvd / Eglinton Ave W,43.70547,-79.40355,Lascelles Blvd / Eglinton Ave W - SMART,19,12,2019-06-30
7404,Roehampton Ave / Mount Pleasant Rd,43.70942,-79.39139,Roehampton Ave / Mount Pleasant Rd - SMART,19,12,2019-07-05
7406,Victoria St / Queen St E,43.652822,-79.378208,Victoria St / Queen St E,23,13,2019-06-30
7408,University Ave / Armoury St,43.65263,-79.38766,University Ave / Armoury St - SMART,23,10,2019-07-05
7409,Isabella St / Church St,43.66834,-79.38235,Isabella St / Church St - SMART,19,13,2019-07-01
7410,Howard St / Rose Ave,43.671278,-79.372127,Howard St / Ontario St,19,13,2019-07-09
7411,Little Norway Park,43.635023,-79.399505,Little Norway Park,22,10,2019-07-05
7412,King St W / Crawford St,43.6417852,-79.4131148,King St W / Crawford St - SMART,23,10,2019-07-07
7414,Keele St / Annette St,43.66402,-79.46418,Keele St / Annette St - SMART,15,4,2019-07-06
7415,Keele St / Vine Ave,43.66686,-79.46526,Keele St / Vine Ave - SMART,23,4,2019-07-05
7416,Spadina Ave / Blue Jays Way,43.641705,-79.393295,Spadina Ave / Blue Jays Way,30,10,2019-07-04
7417,King St W / Jordan St,43.648928,-79.378623,King St / Jordan St - SMART,11,13,2019-06-30
7418,College Park - Yonge St Entrance,43.65988,-79.38279,College Park - Yonge Entrance,25,11,2019-07-04
7419,Bloor St W / Huron St,43.667023,-79.401805,Bloor St W / Huron St,27,11,2019-07-01
7420,Barton Ave / Howland Ave - SMART,43.66842,-79.410585,Barton St / Howland St - SMART,19,11,2019-07-13
7422,Tyndall Ave / King St W - SMART,43.638426,-79.429142,Tyndall Ave / King St W - SMART,16,4,2019-07-04
7424,Merton St / Mount Pleasant Rd,43.697819,-79.38786,Merton St / Mount Pleasant Rd - SMART,23,12,2019-07-09
7425,The Queensway at South Kingsway,43.63632,-79.47307,The Queensway at South Kingsway - SMART,23,4,2019-07-09
7427,Northern Dancer Blvd / Lake Shore Blvd E,43.663162,-79.309765,Northern Dancer Blvd / Lake Shore Blvd E,27,19,2019-07-04
7428,Woodbine Ave / Lake Shore Blvd E,43.665645,-79.304711,Woodbine Ave / Lake Shore Blvd E,27,19,2019-07-04
7429,Woodbine Subway Station,43.686442,-79.313404,Woodbine Subway Station - SMART,15,19,2019-07-09
7430,Marilyn Bell Park Tennis Court,43.633537,-79.437461,Marilyn Bell Park Tennis Court,27,4,2019-07-07
7431,Gerrard St E / Leslie St,43.669813,-79.3335,Gerrard St E / Leslie St,22,14,2019-07-09
7432,Frederick St / King St E,43.651118,-79.369411,Frederick St / King St E,23,13,2019-07-01
7433,Dundas St E / Boulton Ave - SMART,43.663148,-79.347938,Dundas St E / Boulton Ave - SMART,16,14,2019-07-10
7434,Via Italia / Mackay Ave,43.676697,-79.445029,Via Italia / Mackay Ave - SMART,16,9,2019-07-08
7435,Rushton Rd / St Clair Ave W,43.68114,-79.4277,Rushton Rd / St Clair Ave W - SMART,10,12,2019-07-09
7437,Concord Ave / Bloor St W,43.66189,-79.42679,Concord Ave / Bloor St W - SMART,15,9,2019-07-09
7438,Gothic Ave / Quebec Ave,43.65389,-79.4675,High Park Subway - SMART,19,4,2019-07-06
7440,Martin Goodman Trail / Remembrance Dr,43.63121,-79.41414,Martin Goodman Trail / Remembrance Dr,26,10,2019-06-29
7441,Pacific Ave / Glenlake Ave,43.65716,-79.46478,Pacific Ave / Glenlake Ave - SMART,23,4,2019-07-05
7442,Lonsdale Rd / Spadina Rd,43.688526,-79.412903,Lonsdale Rd / Spadina Rd,15,12,2019-07-10
7443,Dundas St E / George St,43.6574766,-79.373446,Dundas St E / George St - SMART,25,13,2019-07-04
7444,Clendenan Ave / Rowland St - SMART,43.66073,-79.47149,Clendenan Ave / Rowland St - SMART,19,4,2019-07-06
7445,Eastwood Rd / Coxwell Ave,43.673118,-79.318651,Eastwood Rd / Coxwell Ave,19,19,2019-07-04
7446,Orchard Park,43.66908,-79.3149,Orchard Park,19,19,2019-07-07
7447,Trent Ave / Danforth Ave,43.689293,-79.295895,Trent Ave / Danforth Ave - SMART,23,19,2019-07-05
7448,Goodwood Park Ct / Dentonia Park,43.694826,-79.295208,Goodwood Park Ct / Dentonia Park,19,19,2019-07-09
7449,Cosburn Ave / Cedarvale Ave,43.697139,-79.31469,Cosburn Ave / Cedarvale Ave,15,19,2019-07-04
7450,Carlaw Ave / Danforth Ave,43.678285,-79.347346,Carlaw Ave / Danforth Ave - SMART,15,14,2019-07-04
7451,Western Battery Rd / Pirandello St,43.640075,-79.414156,Western Battery Rd / Pirandello St,31,10,2019-07-07
7452,Bleecker St / St James Ave,43.669232,-79.374495,Bleecker St / St James Ave,23,13,2019-07-05
7453,Jarvis St / Maitland Pl,43.6647688,-79.3772602,Jarvis St / Maitland Pl,17,13,2019-07-09
7454,Pottery Rd / Lower Don River Trail,43.688148,-79.362101,Pottery Rd / Lower Don River Trail - SMART,15,14,2019-07-05
7455,E.T. Seton Park (Eglinton Ave E / Leslie St),43.715951,-79.351246,E.T. Seton Park (Eglinton Ave E / Leslie St),27,16,2019-07-10
7457,Queen's Park Cres W / Hoskin Ave,43.665221,-79.394009,Queen's Park Cres W / Hoskin Ave,23,11,2019-07-05
7458,Church St / Lombard St,43.651678,-79.375233,Church St / Lombard St,17,13,2019-07-06
7459,St Clair Ave W / Winona Ave,43.680466,-79.432522,St Clair Ave W / Winona Ave - SMART,11,12,2019-07-06
7460,High Park Outdoor Pool,43.649217,-79.465319,High Park Outdoor Pool,26,4,2019-07-08
7461,High Park Amphitheatre,43.645653,-79.464366,High Park Amphitheatre,23,4,2019-07-06
7462,Richmond St E / Yonge St,43.651838,-79.378743,Richmond St E / Yonge St,17,13,2019-07-07
7465,Russell Hill Rd / St Clair Ave W,43.685569,-79.408019,Russell Hill Rd / St Clair Ave W - SMART,19,12,2019-07-09
7466,Glendonwynne Ave / Bloor St W,43.65182,-79.47421,Glendonwynne Ave / Bloor St W - SMART,19,4,2019-07-11
7467,Lower Simcoe St / Bremner Blvd,43.64283,-79.38409,Lower Simcoe St / Bremner Blvd,15,10,2019-07-06
7468,Front St W / Simcoe St,43.6442,-79.38702,Front St / Simcoe St,19,10,2019-07-06
7469,Wellington St W / York St,43.646734,-79.38301,Wellington St W / York St,23,10,2019-07-07
7471,Lake Shore Blvd W / Louisa St,43.61868,-79.48674,Lake Shore Blvd W / Louisa St,15,3,2019-07-07
7473,Adelaide St W / Strachan Ave,43.643253094827294,-79.41230469904167,Adelaide St W / Strachan Ave,15,10,2019-07-07
7474,Clarence Square,43.64407,-79.3929,Clarence Square,23,10,2019-07-07
7475,Jarvis St / Richmond St E,43.652777,-79.372637,Jarvis St / Richmond St E,19,13,2019-07-08
7476,Symington Ave / Dupont St,43.665538,-79.451263,Symington Ave / Dupont St - SMART,15,9,2019-07-10
7477,Antler St / Campbell Ave - SMART,43.664182,-79.449066,Antler St / Campbell Ave - SMART,20,9,2019-07-09
7478,Ellis Ave / The Queensway,43.63855,-79.46693,Ellis Ave / The Queensway,19,4,2019-07-08
7479,Jane St / Bloor St W (Jane Subway Station),43.64976,-79.48477,Jane St / Bloor St W (Jane Subway Station),15,4,2019-07-09
7480,Neil McLellan Park,43.65143,-79.47779,Neil McLellan Park - SMART,15,4,2019-07-08
7483,Southwood Dr / Kingston Rd - SMART,43.678685,-79.297974,Southwood Dr / Kingston Rd - SMART,12,19,2019-07-10
7484,Briar Hill Ave / Yonge St - SMART,43.713524,-79.400162,Briar Hill Ave / Yonge St - SMART,16,8,2019-07-16
7485,Blythwood Rd / Yonge St - SMART,43.716652,-79.399993,Blythwood Rd / Yonge St - SMART,14,15,2019-07-16
7486,Gerrard St E / Main St,43.684261,-79.299332,Gerrard St E / Main St,22,19,2019-07-08
7487,Eastwood Rd / Woodbine Ave - SMART,43.676216,-79.309395,Eastwood Rd / Woodbine Ave,14,19,2019-07-09
7488,Summerhill Ave / Maclennan Ave,43.685924,-79.376304,Summerhill Ave / Maclennan Ave,11,11,2019-07-10
7489,Sumach St  / Queen St E,43.656638,-79.358749,Sumach St  / Queen St E,19,13,2019-07-11
7492,324 Cherry St,43.6482995,-79.3552533,324 Cherry St,19,10,2019-07-10
7493,Sackville St / Eastern Ave - SMART,43.653809,-79.3595,Sackville St / Eastern Ave - SMART,12,13,2019-07-10
7494,Davenport Rd / McAlpine St - SMART,43.673768,-79.391253,Davenport Rd / McAlpine St - SMART,12,11,2019-07-11
7496,Sunnyside Ave / The Queensway - SMART,43.6397,-79.44865,Sunnyside Ave / The Queensway - SMART,19,4,2019-07-12
7497,128 Sterling Rd - SMART,43.654004,-79.444792,128 Sterling Ave - SMART,20,9,2019-07-11
7501,Humberside Grounds - SMART,43.65917,-79.46997,Humberside Grounds - SMART,20,4,2019-07-11
7502,University Ave / College St (East),43.65995,-79.38964,University Ave / College St (East),14,11,2019-07-12
7503,Gerrard St E / Malvern Ave - SMART,43.685221,-79.294766,Gerrard St E / Malvern Ave - SMART,19,19,2019-07-15
7504,Gerrard St E / Victoria Park Ave - SMART,43.686962,-79.286864,Gerrard St E / Victoria Park Ave,16,19,2019-07-16
7505,Ontario St / Adelaide St E -SMART,43.6535052,-79.3667689,Ontario St / Adelaide St E -SMART,18,13,2019-07-14
7506,Berkeley St / Adelaide St E - SMART,43.653359,-79.365023,Berkeley St / Adelaide St E - SMART,12,13,2019-07-22
7508,Berkeley St / Dundas St E - SMART,43.658816,-79.367318,Berkeley St / Dundas St E - SMART,19,13,2019-07-13
7514,Humber Bay Shores Park / Marine Parade Dr,43.626265,-79.476723,Humber Bay Shores Park / Marine Parade Dr,31,3,2020-06-10
7515,Amos Waites Park,43.613606,-79.4883535,Amos Waites Park,27,3,2020-06-10
7516,Superior Ave / Lake Shore Blvd W,43.6146692,-79.4873148,Superior Ave / Lake Shore Blvd W,17,3,2020-06-10
7517,Ripley Ave / Ormskirk Ave,43.6390437,-79.4760109,Ripley Ave / Ormskirk Ave,22,4,2020-06-10
7518,Lake Shore Blvd W / Colborne Lodge Dr,43.63771,-79.458173,Lake Shore Blvd W / Colborne Lodge Dr,27,4,2020-06-10
7519,406 Oakwood Ave,43.68827060022711,-79.43937767081853,"406 Oakwood Ave, York, ON M6E 2W3",19,12,2020-06-10
7520,St Clarens Ave / Shirley St,43.6486599,-79.4376413,St Clarens Ave / Shirley Ave,15,9,2020-06-10
7521,Emerson Ave / Bloor St W,43.659055,-79.440764,Emerson Ave / Bloor St W,23,9,2020-06-18
7522,Wallace Ave / Pauline Ave,43.6632257,-79.4397052,Wallace Ave / Pauline Ave,17,9,2020-07-03
7523,Lynn Williams St / East Liberty St - SMART,43.638925,-79.4168659,Lynn Williams St / East Liberty St,15,10,2020-06-12
7524,Lisgar Park,43.6423847,-79.4240277,Lisgar Park,23,9,2020-06-11
7526,Bartlett Parkette,43.6702236,-79.4360232,Bartlett Parkette,23,9,2020-06-11
7527,Joseph J Piccininni Community Centre,43.675648,-79.4527619,Joseph J Piccininni Community Centre,19,9,2020-06-11
7528,Spadina Rd / Austin Terrace,43.67883,-79.408723,Spadina Rd / Austin Terrace,17,12,2020-06-11
7529,Symington Ave / Davenport Rd,43.6704403,-79.45328549999999,Symington Ave / Davenport Rd,13,9,2020-06-19
7530,Sherbourne St N / Elm Ave,43.6752732,-79.3778458,Sherbourne St N / Elm Ave,22,11,2020-06-11
7531,541 Huron St - SMART,43.670206,-79.402643,541 Huron St,19,11,2020-06-13
7533,Housey St / Dan Leckie Way,43.63811,-79.397877,Housey St / Dan Leckie Way,27,10,2020-06-18
7534,Walnut Ave / Queen St W,43.645469,-79.411084,Walnut Ave / Queen St W,16,10,2020-06-12
7536,Palmerston Ave / Dundas St W,43.651603,-79.408346,Palmerston Ave / Dundas St W,23,10,2020-06-12
7537,Euclid Ave / Herrick St - SMART,43.661559,-79.413845,Euclid Ave / Herrick St,16,11,2020-06-13
7538,Vaughan Rd /Wychwood Ave,43.6882821,-79.4253856,Vaughan Rd /Wychwood Ave,19,12,2020-06-13
7539,Davisville Ave / Pailton Cres,43.69933,-79.39199,Davisville Ave / Pailton Cres,19,12,2020-06-19
7540,Alvin Ave / St Clair Ave E,43.68871,-79.39264,Alvin Ave / St Clair Ave E,19,12,2020-06-20
7541,Bellwoods Ave / Treford Pl - SMART,43.65246,-79.413528,Bellwoods Ave / Treford Pl,20,11,2020-06-18
7542,Queen St W / John St,43.650077,-79.391291,Queen St W / John St,23,10,2020-06-13
7543,Nassau St / Bellevue Ave,43.65484215542248,-79.40351232494366,Nassau St / Bellvue Ave,15,11,2020-06-13
7545,Baldwin St / Henry St,43.6560758,-79.393259,Baldwin St / Henry St,15,11,2020-06-13
7546,Ross St / Cecil St - SMART,43.6568254,-79.3966159,Ross St / Cecil St,18,11,2020-06-14
7547,Orde St / McCaul St,43.6580442,-79.3927404,Orde St / McCaul St,15,11,2020-06-13
7548,St Joseph St / Bay St - SMART,43.6658804,-79.38761010000002,St Joseph St / Bay St,0,13,2020-06-13
7549,439 Sherbourne St,43.666051,-79.374161,439 Sherbourne St,47,13,2020-06-19
7551,The Esplanade / Hahn Pl,43.649709,-79.364184,The Esplanade / Hahn Pl,19,10,2020-06-19
7552,Lake Shore Blvd W / Thirty Ninth Street,43.5927419,-79.54033009999999,Lake Shore Blvd W / Thirty Ninth Street,19,3,2020-06-15
7553,Lake Shore Blvd W / Twenty Fourth St,43.597082,-79.522768,Lake Shore Blvd W / Twenty Fourth St,19,3,2020-06-15
7554,Humber College,43.5961692,-79.5160575,Humber College,27,3,2020-06-15
7555,Royal York Rd / Mimico Ave,43.612063,-79.496573,Royal York Rd / Mimico Ave,20,3,2020-06-15
7556,Windsor St / Newcastle St,43.6171635,-79.4971065,Windsor St / Newcastle St,31,3,2020-06-16
7557,The Queensway / High St,43.630874,-79.482407,The Queensway / High St,23,3,2020-06-18
7558,Berry Rd / Bell Manor Dr,43.63732,-79.489083,Berry Rd / Bell Manor Dr,19,3,2020-06-15
7559,Swansea Community Centre,43.6438036,-79.4770327,Swansea Community Centre,15,4,2020-06-18
7561,Annette St / Jane St,43.658574,-79.487246,Annette St / Jane St,15,4,2020-06-16
7562,Priscilla  Ave / Dundas St W,43.664665,-79.489385,Priscilla  Ave / Dundas St W,23,4,2020-06-16
7563,St Clair Ave W / Castleton Ave,43.668496,-79.485426,St Clair Ave W / Castleton Ave,19,5,2020-06-16
7564,Durie St / Dundas St W,43.665523,-79.484892,Durie St / Dundas St W,23,4,2020-06-17
7565,St Clair Ave W / Gunns Rd,43.672079,-79.470171,St Clair Ave W / Gunns Rd,23,5,2020-06-16
7566,Weston Rd / St Clair Ave W - SMART,43.673019,-79.467994,Weston Rd / St Clair Ave W,19,5,2020-06-17
7567,Weston Lions Park,43.698841,-79.519472,Weston Lions Park,27,5,2020-06-16
7568,Jameson Ave / Queen St W,43.63985,-79.43703,Jameson Ave / Queen St W,27,4,2020-06-17
7569,Toronto Inukshuk Park,43.6323994,-79.40978179999999,Toronto Inukshuk Park,47,10,2020-06-17
7570,Carlaw Ave / Dundas St E,43.665076,-79.341509,Carlaw Ave / Dundas St E,17,14,2020-06-17
7571,Highfield Rd / Gerrard St E,43.671771,-79.324961,Highfield Rd / Gerrard St E,19,14,2020-06-17
7572,Cosburn Ave / Durant Ave,43.6935477,-79.3301658,Cosburn Ave / Durant Ave,15,14,2020-06-17
7575,Bayview Ave / Lawren Harris Square,43.6548521,-79.35397680000001,207 Eastern Avenue,15,13,2020-06-18
7576,Front St E / Bayview Avenue,43.6535,-79.354068,Front St E / Bayview Avenue,22,13,2020-06-19
7577,Oak St / Sumach St,43.6617908,-79.361515,Oak St / Sumach St,27,13,2020-06-19
7579,Glebe Rd W / Yonge St,43.7005976,-79.397345,Glebe Rd / Yonge St,19,12,2020-06-20
7580,Hillsdale Ave W / Yonge St,43.7029672,-79.3979073,Hillsdale Ave W / Yonge St,15,12,2020-06-20
7581,High Park Ave / Dundas St W,43.6653032,-79.4701178,345 High Park Ave,15,4,2020-06-20
7582,Alameda Ave / Vaughan Rd - SMART,43.690903,-79.4375028,Amaleda Ave / Vaughan Rd,16,12,2020-06-21
7583,Eglinton Ave W / Scarlett Rd,43.6834703,-79.5108942,Eglinton Ave W / Scarlett Rd,22,2,2020-06-22
7584,The Pond Rd / Sentinel Rd,43.7696262,-79.5025943,The Pond Rd / Sentinel Rd,27,7,2020-06-22
7585,Sentinel Rd / Finch Hydro Corridor,43.7641485,-79.5012809,Sentinel Rd / Finch Hydro Corridor,27,7,2020-06-22
7586,Finch West Subway Station,43.76521,-79.491281,Finch West Subway Station,23,6,2020-06-22
7587,Dufferin St / Finch Hydro Recreational Trail,43.7724019,-79.4675395,Dufferin St / Finch Hydro Recreational Trail,19,6,2020-06-23
7588,G Ross Lord Park,43.7781116,-79.467963,G Ross Lord Park,19,6,2020-06-22
7589,Torresdale Ave / Antibes Dr,43.77953,-79.45233,Torresdale Ave / Antibes Dr,15,6,2020-07-10
7590,Esther Shiner Stadium,43.7774374,-79.4447096,Ester Shiner Stadium,23,6,2020-07-11
7591,Elwood Blvd / Avenue Rd,43.707049,-79.40966,Elwood Blvd / Avenue Rd,23,8,2020-06-23
7593,Roehampton St / Bayview Ave,43.711751,-79.378615,Roehampton St / Bayview Ave,27,15,2020-06-23
7594,Fleming Cres / Bayview Ave,43.707045,-79.375437,Fleming Cres / Bayview Ave,15,15,2020-06-24
7595,Moore Park,43.693256,-79.383238,Moore Park,14,11,2020-09-16
7596,Langford Ave / Danforth Ave - SMART,43.6800218,-79.3405681,840 Danforth Ave,16,14,2020-06-23
7597,Yonge St / Golfdale Rd,43.732016,-79.403637,Yonge St / Golfdale Rd,15,15,2020-06-23
7598,Teddington Park Ave,43.732975,-79.40401,Teddington Park Ave,15,15,2020-06-25
7599,Richmond St W / York St,43.650745,-79.383633,Richmond St W / York St,17,10,2020-06-25
7600,Ursula Franklin St / Huron St - SMART,43.660274,-79.398049,Ursula Franklin St / Huron St,20,11,2020-06-24
7601,Brick Works,43.683884,-79.36647,Brick Works,25,11,2020-06-24
7602,Woodbine Ave / O'Connor Dr,43.699281,-79.318802,Woodbine Ave / O'Connor Dr,19,19,2020-06-27
7603,O'Connor Dr / Curity Ave - Smart,43.707582,-79.311439,O'Connor Dr / Curity Ave,24,19,2020-06-25
7604,St Columba Pl / St Clair Ave E,43.70567,-79.310554,St Columba Pl / St Clair Ave E,18,19,2020-06-26
7605,Lumsden Ave / Eastdale Ave,43.69413548199171,-79.30058718775287,Lumsden Ave / Eastdale Ave,20,19,2020-06-25
7606,Dawes Rd / Taylor Creek Trl,43.696631,-79.297436,Dawes Rd / Taylor Creek Trl,19,19,2020-06-25
7607,Fairmount Park,43.6765897,-79.3163022,Fairmount Park,19,19,2020-06-24
7608,Wilket Creek Park,43.720645,-79.355474,Wilket Creek Park,27,15,2020-06-26
7609,Sunnybrook Park,43.720233,-79.362092,Sunnybrook Park,27,15,2020-06-25
7610,Kingston Rd / Beech Ave,43.680095,-79.291714,Kingston Rd / Beech Ave,15,19,2020-07-03
7611,Victoria Park Ave / Danforth Ave,43.691468,-79.288619,Victoria Park Ave / Danforth Ave,18,19,2020-07-04
7612,Livingston Rd / Guildwood Pkwy,43.747854,-79.199327,Livingston Rd / Guildwood Pkwy,19,24,2020-07-01
7613,Livingston Rd (Highland Creek Trail),43.7561681,-79.2026694,Livingston Rd (Highland Creek Trail),19,24,2020-07-02
7614,Morningside Park (Highland Creek Trail),43.779353,-79.193023,Morningside Park (Highland Creek Trail),23,24,2020-07-01
7615,Colonel Danforth Park,43.7777114,-79.1659711,Colonel Danforth Park,19,25,2020-07-01
7616,Waterfront Trail (Rouge Hill),43.778015,-79.131911,Waterfront Trail (Rouge Hill),19,25,2020-09-04
7617,Starspray Ave / Lawrence Ave E,43.788319,-79.123505,Starspray Ave / Lawrence Ave E,19,25,2020-07-01
7618,Vaughan Rd / Oakwood Ave,43.6926825,-79.441042,Vaughan Rd / Oakwood Ave,19,12,2020-06-27
7619,Braemar Ave / Eglinton Ave W,43.7041957,-79.4094472,Braemar Ave / Eglinton Ave W,14,12,2020-06-26
7620,Eglinton Ave E / Redpath Ave,43.7078691,-79.39248,Eglinton Ave W / Redpath Av,15,12,2020-06-26
7622,Marie Curtis Park,43.5880774,-79.5432067,Marie Curtis Park,23,3,2020-06-28
7623,Royal York Rd / Lake Shore Blvd W,43.6029904,-79.4926867,Royal York Rd / Lake Shore Blvd W,19,3,2020-06-28
7624,Guildwood GO Station (South),43.754978,-79.1971289,Guildwood GO Station (South),11,24,2020-06-28
7625,Yonge St / Lawrence Ave,43.7254665,-79.40115449999999,24 Lawrence Ave East,23,15,2020-07-04
7626,Rouge Hill GO Station,43.7805505,-79.1301203,Rouge Hill GO Station,25,25,2020-07-01
7627,Shaw St / Essex St - SMART,43.667076,-79.425116,Shaw St / Essex St - SMART,15,11,2020-08-26
7629,Lundy Ave / Etienne Brule Park,43.6625395,-79.5030161,Lundy Ave / Etienne Brule Park,15,4,2020-07-07
7630,Twelfth St / Thirteenth St,43.6002896,-79.5108692,Twelfth St / Thirteenth St,22,3,2020-07-03
7631,Florence Gell Park,43.6615467,-79.498398,Florence Gell Park,15,4,2020-07-03
7632,Chiltern Hill Rd / Eglinton Ave W,43.7004017,-79.4275305,Chiltern Hill Rd / Eglinton Ave W,17,12,2020-07-10
7633,Noble St / Queen St W,43.6424558,-79.4296346,1266 Queen St W,15,4,2020-08-11
7634,University Ave / Gerrard St W (WEST) - SMART,43.6578449,-79.3899265,600 University Ave,18,11,2020-08-21
7635,Runnymede Rd / Annette St,43.6596299,-79.4799176,Runnymede Rd / Annette St,15,4,2020-07-23
7636,Bloor St W / Riverside Dr,43.647663,-79.487583,2511 bloor st w,23,4,2020-08-05
7637,Judson St / Royal York Rd,43.6162721,-79.4990363,10 Judson St,19,3,2020-08-05
7639,135 Queens Wharf Rd - SMART,43.6399714,-79.39940399999999,135 Queens Warf,16,10,2020-08-11
7640,Spadina Rd / St.Clair Ave West,43.683979,-79.410657,333 St.Clair Ave West,15,12,2020-08-07
7641,Annette St / Dundas St W,43.6641174,-79.4588522,2659 Dundas St W,15,4,2020-08-11
7642,Yonge St / St Clair Ave,43.68850459999999,-79.3940052,1451 Yonge Street,19,12,2020-08-12
7643,Oriole Pkwy / Kilbarry Rd,43.6954486,-79.4026176,80 Oriole Parkway,19,12,2020-08-13
7644,East Lynn Ave / Danforth Ave,43.6850809,-79.3149901,108 East Lynn Avenue,15,19,2020-08-19
7645,University of Toronto Scarborough,43.7842419,-79.1849889,1295-1307 Military Trail,16,25,2020-08-28
7646,University Ave / Richmond St W,43.6503935,-79.3860211,225 University Avenue,35,10,2020-08-27
7647,Elm St/ University Ave (East Side),43.65637299999999,-79.38781039999999,117 Elm Street,17,11,2020-08-28
7648,909 Yonge St,43.67515255542865,-79.38849615969643,909 Yonge St,14,11,2020-08-31
7650,St Clair West Subway Station - Heath Entrance,43.686352,-79.415894,2 Heath Street West,22,12,2020-09-01
7654,Bloor St W / Pacific Ave,43.65412449999999,-79.4636388,3 Pacific Avenue,7,4,2020-09-17
7655,Danforth Ave / Dewhurst Blvd,43.680207,-79.339243,896 Danforth Avenue,15,14,2020-09-17
7656,Bloor St W / Brock Ave,43.6589882,-79.438715,Bloor St W / Brock Av,11,9,2020-09-18
7657,1 Market St - SMART,43.6469928,-79.3706665,1 Market St,19,10,2020-09-18
7658,Kings Mill Park,43.64920406876699,-79.49336334201408,2639 Bloor St W,27,3,2020-09-30
7659,Amroth Ave / Danforth Ave,43.6856128,-79.31168269999999,Amroth Ave / Danforth Ave,19,19,2020-10-08
7660,285 Victoria St,43.656633,-79.379625,26 Dundas Street East,19,13,2020-10-13
7662,Beaty Ave / Queen St W,43.6393107,-79.4408141,85 Beaty Avenue,19,4,2020-11-03
7663,Kilgour Rd / Rumsey Rd,43.718039,-79.371914,98 Glenvale Boulevard,17,15,2020-12-04
7664,Sunnybrook Health Centre - L Wing,43.72268,-79.37644,60 Raab Blvd,15,15,2020-12-11
7665,Sunnybrook Health Centre - S Wing,43.720998,-79.377456,Test,11,15,2020-12-13
7666,Dundas St W / St Helen's Ave - SMART,43.6504218,-79.4407647,505 College Street,26,9,2020-12-23
7667,Spadina Ave / Sussex Ave - SMART,43.66402799999999,-79.40297869999999,698 Spadina Avenue,35,11,2021-01-19
7668,Simcoe St / Dundas St W - SMART,43.6558557,-79.3894093,Simcoe St / Dundas St W,20,11,2021-03-07
7670,Yonge St / Woburn Ave - SMART,43.72814640000001,-79.4032194,3180 Yonge Street,12,8,2021-04-09
7671,Yonge St / Montgomery Ave - SMART,43.7093201,-79.3996301,25 Montgomery Ave,12,8,2021-04-21
7675,1525 Dundas St W,43.64957,-79.432446,1529 Dundas Street West,15,9,2021-09-03
7676,York University (Glendon Campus) - SMART,43.72736548824631,-79.3814254607724,"1 Chedington Pl, North York, ON M4N 3R4",16,15,2021-09-09
7677,1303 Yonge St - SMART,43.6846177,-79.39245919999999,1303 YONGE Street,16,11,2021-09-13
7678,York University Station (South) - SMART,43.77345,-79.5002,York University Station - SMART,16,7,2021-09-17
7679,York University Station (North),43.7741,-79.5005,York University Station,15,7,2021-09-16
7680,Princes' Blvd / Nunavut Rd,43.6334636,-79.4143057,PRINCES' BLVD / NOVA SCOTIA AVE,19,10,2021-09-24
7681,25 Booth Ave,43.6544839,-79.34105699999999,25 BOOTH AVE,24,14,2021-09-29
7682,Bathurst St / Front St W,43.64134790000001,-79.4013882,Bathurst St / Front St W,27,10,2021-10-19
7683,Bay St / Harbour St (West),43.64191,-79.378325,Bay St / Harbour St,15,10,2021-10-20
7684,Bay St / Harbour St (East),43.64215,-79.377,Bay St / Harbour St (East),23,10,2021-10-21
7685,King St W / Brant St,43.645102,-79.39744979999999,522 King Street West,22,10,2021-12-07
7686,Lower Jarvis / The Esplanade,43.6478206,-79.3704721,The Esplanade & Lower Jarvis St,15,10,2021-12-07
7687,Bloor St W / Gladstone Ave - SMART,43.6602021,-79.4342726,"1101 Bloor Street West, Toronto",11,9,2021-12-09
7688,High Park Blvd / Parkside Dr,43.644887,-79.45641169999999,200 Parkside Drive,15,4,2021-12-30
7689,20 Eaton Ave,43.680012,-79.34403250000001,26 Lipton Avenue,26,14,2022-01-12
7691,Christie St / Dupont St,43.67168,-79.421192,Christie St / Dupont St,19,11,2022-02-23
7692,85 Lee Ave,43.6700692,-79.2971326,85 Lee Ave,26,19,2022-03-19
7693,Mutual St / Shuter St (Arena Gardens),43.6559476,-79.37558829999999,78 Mutual Street - SMART Vault,19,13,2022-03-28
7694,Victoria Park Ave / Dawes Rd,43.706466,-79.29511,Victoria Park Ave / Dawes Rd,19,19,2022-04-03
7695,Queen St E / Joseph Duggan Rd,43.6677628,-79.30811709999999,Queen St E and Joseph Duggan Rd - SMART Vault,18,19,2022-03-31
7696,Heyworth Cres / Kingston Rd,43.6750806,-79.3068697,Heyworth Cres / Kingston Rd - SMART Vault,19,19,2022-04-03
7698,St Clair Ave W / Caledonia Rd,43.6754247,-79.4547813,St Clair Ave W / Caledonia Rd - SMART Vault,13,9,2022-04-16
7699,St Clair Ave W / Oakwood Ave,43.678177,-79.435364,St Clair Ave W / Oakwood Ave - SMART Vault,15,9,2022-04-12
7700,St Clair Ave W / Robina Ave,43.68005,-79.43469,St Clair Ave W / Robina Ave - SMART Vault,15,9,2022-04-20
7701,Roncesvalles Ave / Fermanagh Ave,43.646314469245205,-79.44879407014527,Roncesvalles Ave / Fermanagh Ave - SMART Vault,19,4,2022-04-12
7702,111 Broadview Ave,43.6593483,-79.34993659999999,111 Broadview Ave,18,14,2022-04-20
7703,Oak St / Sackville St,43.6613642,-79.3641171,274 Oak St,19,13,2022-05-06
7704,24 Mountjoy Ave,43.6808774,-79.3304491,24 Mountjoy Ave - SMART Vault,17,14,2022-05-10
7705,Colgate Ave / Carlaw Ave,43.6623658,-79.3413344,88 Colgate Ave - SMART Vault,19,14,2022-05-10
7706,Felstead Ave/Gillard Ave (Monarch Park),43.6791345,-79.3263159,Felstead Ave / Gillard Ave (Monarch Park) - SMART Vault,27,14,2022-05-13
7707,Coronation Park (Martin Goodman Trail),43.635495,-79.40352209999999,7972 Remembrance Drive,19,10,2022-05-26
7708,101 Cedarvale Ave,43.6868681,-79.3110942,101 cedarvale Ave,20,19,2022-06-01
7709,Beltline Trail / Yonge St,43.6962302,-79.39504339999999,5 Merton Street,23,12,2022-06-13
7710,11 Spadina Rd,43.6677246,-79.4041365,11 SPADINA RD,18,11,2022-06-24
7711,Havelock St / Dewson St,43.6554793,-79.4302462,71 Havelock Street,15,9,2022-07-20
7712,Queen St W / Shaw St,43.6442457,-79.41610440000001,999 Queen Street West,19,10,2022-07-21
7713,Temperance St / Bay St,43.6506,-79.381285,55 Temperance St,23,10,2022-08-10
7715,Lumsden Ave / Cedarvale Ave,43.693187,-79.314283,324 Cedarvale Avenue,11,19,2022-08-11
7716,Church St / The Esplanade,43.6469251,-79.3733192,75 The Esplanade,19,10,2022-08-12
7717,Niagara St / Portland St,43.6425791,-79.40011729999999,18 Portland Street,11,10,2022-08-12
7718,St. Andrew's Playground Park,43.646552,-79.399586,8 Maud Street,11,10,2022-08-15
7719,Wolseley St / Augusta Ave,43.6484201,-79.40051919999999,15 Denison Ave,28,10,2022-08-16
7720,King St W / Portland St,43.644395,-79.40065430000001,620 King Street West,16,10,2022-08-17
7721,Widmer St / King St W,43.6463574,-79.391206,360 King Street West,11,10,2022-08-18
7724,Wellesley St E / Parliament St,43.6682342,-79.3702641,280 Wellesley Street East,15,13,2022-09-13
7725,Yonge St / Macpherson Ave,43.6791876,-79.39071899999999,1126 Yonge Street,15,11,2022-09-27
7728,Randolph Ave / Perth Ave,43.6585504,-79.4497659,152 Perth Avenue,19,9,2022-10-03
7729,265 Armadale Ave,43.6501644,-79.48296909999999,265 Armadale Ave,31,4,2022-10-22
7730,800 Fleet St,43.636804,-79.408832,800 Fleet Street,43,10,2022-10-25
7731,Victoria Park Ave / Kingston Rd,43.68035,-79.28357,1085 Kingston Rd,15,20,2022-10-28
7732,Kingston Rd / Warden Ave,43.68824135931814,-79.27046628033244,Kingston Rd / Warden Ave,14,20,2022-11-03
7733,Pharmacy Ave / Danforth Ave,43.6929478,-79.28339980000001,Pharmacy Ave / Danforth Ave,15,20,2022-11-04
7734,Danforth Ave / Warden Ave,43.6950192,-79.27180659999999,Danforth Ave / Warden Ave,15,20,2022-11-05
7735,Birchcliff Ave / Kingston Rd,43.691688,-79.265027,Birchcliff Ave / Kingston Rd,15,20,2022-10-29
7736,Birchmount Rd / Kingston Rd,43.69401297794256,-79.26257204548136,Birchmount Rd / Kingston Rd,15,20,2022-11-05
7737,Kingston Rd / Glen Everest Rd,43.697490048103,-79.25655146462776,5 Glen Everest Rd (Rosetta McClain Gardens),15,20,2022-11-05
7738,Highview Ave / Kennedy Rd,43.70241858146351,-79.2563167072858,150 Highview Avenue,15,20,2022-11-04
7739,Kingston Rd / Ridgemoor Ave,43.70643614257429,-79.25104443353288,2301 Kingston Rd,11,20,2022-11-03
7740,Sharpe St / Park St (Sandown Park),43.7105975,-79.2541175,50 Natal St,15,20,2022-11-04
7741,Howard Park Ave / Parkside Dr,43.648657,-79.458111,119 Constance Street,15,4,2022-11-01
7742,Eglinton Ave W / Prospect Cemetery,43.69415,-79.45782580000001,2067 EglintonAve W,19,8,2022-11-05
7743,Eglinton Ave W / Gilbert Ave,43.69263249999999,-79.4627536,2343 Eglinton Ave W,19,9,2022-11-06
7744,Rogers Rd / Prospect Cemetery,43.68323,-79.455765,200 Rogers Rd,23,9,2022-11-09
7745,Bert Robinson Park,43.688028,-79.460265,BERT ROBINSON PARK,15,9,2022-11-10
7746,Marlee Ave / York Beltline Trail,43.70163,-79.44099,120 Marlee Ave,19,8,2022-11-09
7747,Eglinton Ave W / Ennerdale Rd,43.69466,-79.45376999999999,1963 Eglinton Ave W,14,9,2022-11-12
7748,Bloor St W / Old Mill Trl,43.65016869999999,-79.4963345,2682 Bloor St W,19,3,2022-11-15
7749,Wendover Rd / Bloor St W (Green P),43.6492,-79.50601999999999,342 Prince Edward Dr N,15,3,2022-11-26
7750,Luttrell Ave / Danforth Ave,43.6897656,-79.2939525,Luttrell Ave / Danforth Ave,15,19,2022-11-19
7751,Willingdon Blvd / Bloor St W (Green P),43.64839,-79.51008,9 Willingdon Blvd,15,3,2022-11-23
7752,1926 Lake Shore Blvd W,43.6357643,-79.4674917,1926 Lake Shore Blvd W,23,4,2022-11-21
7753,36 Park Lawn Rd,43.62369169999999,-79.4838132,36A Park Lawn Road,15,3,2022-11-24
7754,Walter Saunders Park,43.69932707258943,-79.4493630391668,481 Locksley Avenue,14,8,2022-11-28
7755,Park Lawn Rd / Berry Rd,43.63560589999999,-79.4934616,316 Park Lawn Road,15,3,2022-11-28
7757,The Well,43.643025055165865,-79.39430137761319,The Well,18,10,2022-11-25
7758,Driftwood Ave / Finch Hydro Trail,43.7603624,-79.5162777,Driftwood Ave / Finch Hydro Trail,18,7,2022-12-02
7759,The Pond Rd / Shoreham Dr,43.772445,-79.511912,1804 Ian Macdonald Boulevard,15,7,2022-11-28
7760,Grand Avenue Park,43.62313,-79.4918,45 Grand Avenue,21,3,2022-11-30
